순위,서명,저자,출판사,출판년도,권,ISBN,ISBN부가기호,KDC,대출건수
1,아프니까 청춘이다 :인생 앞에 홀로 선 젊은 그대에게 ,김난도 지음,쌤앤파커스,2010,,9788965700036,3810,199.5,"12,632"
2,엄마를 부탁해 :신경숙 장편소설 ,지은이: 신경숙,창비,2008,,9788936433673,3810,813.7,"10,214"
3,두근두근 내 인생 :김애란 장편소설 ,지은이: 김애란,창비,2011,,9788936433871,3810,813.7,"8,896"
4,빅 픽처 :더글라스 케네디 장편소설 ,지은이: 더글라스 케네디 ;옮긴이: 조동섭,밝은 세상,2010,,9788984371026,3840,843.5,"8,313"
5,정의란 무엇인가 ,저자: 마이클 샌델 ;역자: 이창신,김영사,2010,,9788934939603,3330,193,"7,785"
6,백설공주에게 죽음을 ,넬레 노이하우스 지음 ;김진아 옮김,북로드,2011,,9788991239685,3850,853,"7,417"
7,닥치고 정치 :김어준의 명랑시민 정치교본 ,"지은이: 김어준,엮은이: 지승호",푸른숲,2011,,9788971848685,3340,340.4,"7,388"
8,"헬로우, 로봇",로버트 말론 지음;오준호 옮김·감수,북21 을파소,2005,,9788950991203,73500,559,"7,355"
9,7년의 밤 :정유정 장편소설 ,지은이: 정유정,은행나무,2011,,9788956604992,3810,813.7,"7,309"
10,"(시골의사 박경철의) 자기혁명 :시대의 지성, 청춘의 멘토 박경철의 독설충고 ",박경철 지음,웅진씽크빅,2011,,9788901130460,3320,325.04,"7,148"
11,역사야 뭐하니?,담장너머 엮음,온돌,2005,1,9788995735619,4900,911,"7,110"
12,1Q84 :무라카미 하루키 장편소설,지은이: 무라카미 하루키 ;옮긴이: 양윤옥,문학동네,2009-2010,1,9788954608640,4830,833.6,"7,077"
13,도가니 :공지영 장편소설 ,지은이: 공지영,창비,2009,,9788936433703,3810,813.6,"6,994"
14,"멈추면, 비로소 보이는 것들 :혜민 스님과 함께하는 내 마음 다시보기 ",혜민 지음 ;우창헌 그림,쌤앤파커스,2012,,9788965700609,3810,818,"6,986"
15,은교 :박범신 장편소설 ,지은이: 박범신,문학동네,2010,,9788954610681,3810,813.62,"6,881"
16,(조선의 마지막 황녀) 덕혜옹주 :권비영 장편소설 ,지은이: 권비영,다산북스,2010,,9788963700342,3810,813.7,"6,700"
17,종이 여자 :기욤 뮈소 장편소설 ,지은이: 기욤 뮈소 ;옮긴이: 전미연,밝은세상,2010,,9788984371071,3860,863,"6,514"
18,몽실이의 솜사탕 ,글·그림: 요시무라 아키코 ;옮긴이: 권은희,킨더랜드,2008,4,9788956183848,73800,375.1,"6,384"
19,위트 상식사전 special :비범하고 기발하고 유쾌한 반전 ,이동준 지음 ;이관용 그림,보누스,2008,,9788991360273,3000,31,"6,295"
20,(주말마다 떠나는) 52가지 컬러여행,지은이: 김동섭,풍경,2007,,9788995657874,13980,981.102,"6,227"
21,엄마 수업 :법륜 스님이 들려주는 우리 아이 지혜롭게 키우는 법 ,법륜 지음 ;이순형 그림,한겨례출판,2011,,9788984315112,3810,598.1,"6,224"
22,어디선가 나를 찾는 전화벨이 울리고 :신경숙 장편소설 ,지은이: 신경숙,문학동네,2010,,9788954611275,3810,813.7,"6,219"
23,독서 천재가 된 홍대리 :운명을 바꾸는 책 읽기 프로젝트 ,"이지성,정회일 지음",다산북스,2012,,9788963706320,3320,29,"6,155"
24,(아기강아지랑) 모양놀이 ,글: 린다 콜 ;옮긴이: 곽정아,효리원,2008,,9788983398277,77840,375.1,"6,058"
25,(쉽고 재미있는)어린이 첫 그림 한자 사전,[글송이]편집부 구성;신재환 그림,글송이,2002,1,9788955720099,71710,711.4,"5,913"
26,리딩으로 리드하라 =세상을 지배하는 0.1퍼센트의 인문고전 독서법 /Reading lead ,이지성 지음,문학동네,2010,,9788954613026,3320,29.4,"5,886"
27,천사의 부름 :기욤 뮈소 장편소설 ,지은이: 기욤 뮈소 ;옮긴이: 전미연,밝은세상,2011,,9788984371125,3860,863,"5,885"
28,스님의 주례사 :행복한 결혼생활을 위한 남녀 마음 이야기 ,법륜 지음 ;김점선 그림,한겨레출판,2010,,9788984314207,3810,591.8,"5,837"
29,해를 품은 달 :정은궐 장편소설,지은이: 정은궐,파란미디어,2011,1,9788963710341,4810,813.7,"5,826"
30,만들어 볼까요:장난감,미술작가: 이하림;그림: 이른봄,삼성출판사,2006,3,9788915050532,74630,630,"5,824"
31,구해줘:기욤 뮈소 장편소설,기욤 뮈소 지음;윤미연 옮김,밝은세상,2006,,9788984370753,3860,863,"5,778"
32,고구려 :김진명 역사소설,지은이: 김진명,새움출판사,2011-2016,1,9788993964264,3810,813.7,"5,595"
33,1Q84 :무라카미 하루키 장편소설,지은이: 무라카미 하루키 ;옮긴이: 양윤옥,문학동네,2009-2010,3,9788954611800,4830,833.6,"5,569"
34,(청년 노동자)전태일,위기철 지음;안미영 그림,사계절출판사,2005,27,9788958280996,73810,998.3,"5,397"
35,해를 품은 달 :정은궐 장편소설,지은이: 정은궐,파란미디어,2011,2,9788963710358,4810,813.7,"5,236"
36,(만화과학상식백과)네가 과학을 알아?,하은정 글;임승희 그림,지식서관,2004,,9788978130769,67000,400,"5,194"
37,1Q84 :무라카미 하루키 장편소설,지은이: 무라카미 하루키 ;옮긴이: 양윤옥,문학동네,2009-2010,2,9788954608657,4830,833.6,"5,148"
38,어떻게 원하는 것을 얻는가 :13년 연속 와튼스쿨 최고 인기 강의 ,스튜어트 다이아몬드 지음 ;김태훈 옮김,8,2011,,9788933870181,3320,325.04,"5,141"
39,고구려 :김진명 역사소설,지은이: 김진명,새움출판사,2011-2016,2,9788993964271,3810,813.7,"4,976"
40,생각 버리기 연습 ,코이케 류노스케 지음 ;유윤한 옮김,북이십일 21세기북스,2010,,9788950926298,3400,224.3,"4,971"
41,명탐정 셜록 홈즈의 모험,아서 코난 도일 지음;노경해 그림,글송이,2004,1,9788955721294,74840,843,"4,851"
42,웃음 :베르나르 베르베르 장편소설,지은이: 베르나르 베르베르 ;옮긴이: 이세욱,열린책들,2011,1,9788932915371,4860,863,"4,794"
43,신 :베르나르 베르베르 장편소설,베르나르 베르베르 [지음] ;이세욱 옮김,열린책들,2008-2009,1,9788932908557,4860,863,"4,779"
44,규장각 각신들의 나날 :정은궐 장편소설,지은이: 정은궐,파란미디어,2009,1,9788963710020,4810,813.6,"4,735"
45,모르는 여인들 :신경숙 소설 ,지은이: 신경숙,문학동네,2011,,9788954616638,3810,813.7,"4,688"
46,김제동이 만나러 갑니다 :살맛나는 세상을 꿈꾸며 ,지은이: 김제동,위즈덤하우스,2011,,9788996628705,3810,818,"4,667"
47,야생동물 구조대,조호상 지음;조광현 그림,사계절출판사,2001,42,9788971968055,73810,813.6,"4,572"
48,용의자 X의 헌신,히가시노 게이고 지음;양억관 옮김,현대문학,2006,,9788972753698,3830,833.6,"4,538"
49,고구려 :김진명 역사소설,지은이: 김진명,새움출판사,2011-2016,4,9788993964349,3810,813.7,"4,508"
50,스티브 잡스 ,지은이: 월터 아이작슨 ;안진환 옮김,민음사,2011,,9788937483943,3320,325.099,"4,496"
51,고구려 :김진명 역사소설,지은이: 김진명,새움출판사,2011-2016,3,9788993964288,3810,813.7,"4,490"
52,(존 가트맨·최성애 박사의) 내 아이를 위한 감정코칭 ,"지은이: 존 가트맨,조벽",한국경제신문 한경BP,2011,,9788947527897,13590,598.1,"4,482"
53,아이의 자존감 =Child's self esteem ,"정지은,김민태 지음",지식채널,2011,,9788952762078,13590,598.1,"4,463"
54,"당신, 거기 있어줄래요?:기욤 뮈소 장편소설",기욤 뮈소 [지음];전미연 옮김,밝은세상,2007,,9788984370791,3860,863,"4,401"
55,바보춤,박상규,사계절,2000,39,9788971966402,,,"4,393"
56,(문재인의) 운명 ,지은이: 문재인,가교출판,2011,,9788977771888,3810,340.99,"4,340"
57,그 후에 :기욤 뮈소 장편소설 ,지은이: 기욤 뮈소 ;옮긴이: 전미연,밝은세상,2010,,9788984371019,3860,863,"4,329"
58,모멘트 :더글라스 케네디 장편소설 ,지은이: 더글라스 케네디 ;옮긴이: 조동섭,밝은세상,2011,,9788984371118,3840,843.5,"4,304"
59,새벽 거리에서 ,히가시노 게이고 지음 ;양억관 옮김,재인,2011,,9788990982445,3830,833.6,"4,278"
60,"그들이 말하지 않는 23가지 :장하준, 더 나은 자본주의를 말하다 ",장하준 지음 ;안세민 옮김,부키,2010,,9788960511194,3320,322.01,"4,243"
61,땅속에서 과학이 숨쉰다:장순근 박사의 기분 좋은 지질학 토크,장순근 지음,가람기획,2007,,9788984352704,3450,450,"4,229"
62,규장각 각신들의 나날 :정은궐 장편소설,지은이: 정은궐,파란미디어,2009,2,9788963710037,4810,813.6,"4,223"
63,즐거운 나의 집 :공지영 장편소설 ,공지영,푸른숲,2007,,9788971847558,3810,813.6,"4,218"
64,박사가 사랑한 수식,오가와 요코 지음;김난주 옮김,이레,2004,,9788957090251,3830,833.6,"4,213"
65,불안한 엄마 무관심한 아빠 :3세~15세 자녀를 둔 부모 필독서 ,오은영 지음,웅진씽크빅,2011,,9788901122816,13590,598.1,"4,184"
66,절대강자 :이외수의 인생 정면 대결법 ,이외수가 쓰고 ;정태련이 그리다,해냄출판사,2011,,9788965743279,97889,818,"4,154"
67,노들나루의 누렁이,김상균 지음;최호철 그림,사계절출판사,2000,41,9788971967256,73810,813.6,"4,124"
68,죽은 왕녀를 위한 파반느 =박민규 장편소설 /Pavane pour une infante d?funte ,지은이: 박민규,위즈덤하우스,2009,,9788959133918,3810,813.6,"4,092"
69,너무 친한 친구들 ,넬레 노이하우스 지음 ;김진아 옮김,북로드,2011,,9788991239739,3850,853,"4,079"
70,남자의 물건 :김정운이 제안하는 존재확인의 문화심리학 ,김정운 지음,북이십일 21세기북스,2012,,9788950935665,13320,182.2,"4,053"
71,(흔들리는 30대를 위한) 언니의 독설,김미경 지음,북이십일 21세기북스,2011,1,9788950931773,3320,325.04,"4,041"
72,사랑하기 때문에 :기욤 뮈소 장편소설 ,기욤 뮈소 [지음] ;전미연 옮김,밝은세상,2007,,9788984370869,3860,863,"3,999"
73,상실의 시대 :무라카미 하루키 장편소설 ,지은이: 무라카미 하루키 ;옮긴이: 유유정,문학사상사,2008,,9788970123691,3830,833.6,"3,990"
74,당신 없는 나는? :기욤 뮈소 장편소설 ,지은이: 기욤 뮈소 ;옮긴이: 허지은,밝은세상,2009,,9788984371002,3860,863,"3,984"
75,파라다이스,베르나르 베르베르 지음 ;임희근 옮김,열린책들,2010,1,9788932910413,4860,863,"3,964"
76,나는 아내와의 결혼을 후회한다 :영원히 철들지 않는 남자들의 문화심리학 ,김정운,에스에이엠티유,2009,,9788992647670,3180,182.2,"3,948"
77,언론이 조선왕조 500년을 일구었다:조선시대의 언론과 출판,김경수 지음,가람기획,2000,,9788984350588,3910,911.05,"3,947"
78,바보 빅터 :17년 동안 바보로 살았던 멘사 회장의 이야기 ,"지은이: 호아킴 데 포사다,레이먼드 조",한국경제신문 한경BP,2018,,9788947527934,13840,848,"3,945"
79,꿈꾸는 다락방:생생하게 꿈꾸면 이루어진다,이지성 지음,국일출판사,2007,,9788974254896,3320,325.04,"3,934"
80,(이외수의 생존법) 하악하악 ,정태련이 그리고 ;이외수가 쓰다,해냄출판사,2008,,9788973379507,3810,818,"3,914"
81,달콤한 나의 도시:정이현 장편소설,지은이: 정이현,문학과지성사,2006,,9788932017150,3810,813.6,"3,887"
82,안철수의 생각 :우리가 원하는 대한민국의 미래 지도 ,안철수 지음 ;제정임 엮음,김영사,2012,,9788934958710,3810,340.4,"3,865"
83,사랑을 찾아 돌아오다 :기욤 뮈소 장편소설 ,기욤 뮈소 [지음] ;김남주 옮김,밝은세상,2008,,9788984370906,3860,863,"3,852"
84,영어천재가 된 홍대리 :6개월 만에 영어천재가 된 홍 대리의 특급비밀 ,박정원 지음,다산북스,2009,,9788993285673,3320,740.7,"3,832"
85,"빌 브라이슨의 아프리카 다이어리 :케냐에서 발견한 아프리카의 맨얼굴, 그리고 몹쓸 웃음 ",빌 브라이슨 지음 ;김소정 옮김,북이십일 21세기북스,2008,,9788950915537,3840,983.7502,"3,822"
86,모방범:미야베 미유키 장편소설,미야베 미유키 [지음];양억관 옮김,문학동네,2006,1,9788954601863,4830,833.6,"3,792"
87,(소설로 읽는)소크라테스와 아테네:고대 그리스의 역사와 철학 이야기,드니 랭동 지음;윤정임 옮김,솔출판사,1999,,9788981333027,3920,921,"3,762"
88,(떠돌이의)여행영어,김경숙 지음,능률영어사,2003,,9788971764787,13740,747.5,"3,761"
89,숲속의 방,강석경 지음,민음사,1997,,9788937404184,4810,813.6,"3,740"
90,그림이 나에게 말하네,박공우 글·그림,참솔,2003,,9788988430361,3810,650.4,"3,739"
91,바람을 뿌리는 자 ,넬레 노이하우스 지음 ;김진아 옮김,북로드,2012,,9788991239838,,853,"3,738"
92,(환상과 공포의)세계 명작 괴담,윌리엄 W. 제이콥스 外지음;안미영 그림,문화사랑,1998,,9788987474076,3890,843,"3,733"
93,웃음 :베르나르 베르베르 장편소설,지은이: 베르나르 베르베르 ;옮긴이: 이세욱,열린책들,2011,2,9788932915388,4860,863,"3,732"
93,백은의 잭 ,지은이: 히가시노 게이고 ;옮긴이: 한성례,씨엘북스,2011,,9788996733126,3830,833.6,"3,732"
95,(통일 할아버지)문익환,김남일 지음,사계절출판사,2002,28,9788971969182,73810,998.3,"3,731"
96,"나는 아직, 어른이 되려면 멀었다 :청춘의 밤을 꿈을 사랑을 이야기하다 ",강세형 지음,김영사,2010,,9788934940067,3810,814.7,"3,728"
97,칼릴라와 딤나 ,바이다바 지음 ;이동은 옮김,강,2008,,9788982181153,3890,892.52,"3,703"
98,브리다 :파울로 코엘료 장편소설 ,지은이: 파울로 코엘료 ;옮긴이: 권미선,문학동네,2010,,9788954612999,3890,879,"3,695"
99,완득이 :김려령 장편소설 ,김려령,창비,2008,,9788936433635,3810,813.6,"3,670"
100,아이의 사생활 =Discovering a child ,EBS 제작팀 지음,지식채널,2009,,9788952755988,13590,598.1,"3,665"
101,위험한 관계 :더글라스 케네디 장편소설 ,지은이: 더글라스 케네디 ;옮긴이: 공경희,밝은세상,2011,,9788984371095,3840,843.5,"3,651"
102,주기자 :주진우의 정통시사활극 ,지은이: 주진우,푸른숲,2012,,9788971848784,3340,340.4,"3,636"
103,나쁜 사마리아인들:장하준의 경제학 파노라마,장하준 지음;이순희 옮김,부키,2007,,9788960510197,3320,326.211,"3,628"
104,인간의 본성에 관한 10가지 이론,"레슬리 스티븐슨,박중서 옮김",갈라파고스,2006,,9788990809155,3100,114.3,"3,611"
105,도쿄를 알면 일본어가 보인다 :여행서보다 더 친절한 도쿄 일본어 안내서 ,김현근 지음,북이십일 21세기북스,2008,,9788950913533,98740,730,"3,609"
106,뿌리 깊은 나무 :이정명 장편소설 ,이정명,밀리언하우스,2007,1,9788991643154,4810,813.6,"3,600"
107,자기중심의 인생경영,정연식 지음,웅진씽크빅,2006,,9788901060514,13320,325.04,"3,592"
108,가시고백 :김려령 장편소설 ,지은이: 김려령,비룡소,2012,,9788949123141,3810,813.7,"3,581"
109,난설헌 :최문희 장편소설 ,지은이: 최문희,다산북스,2011,,9788963706856,3810,813.62,"3,571"
110,건투를 빈다 :김어준의 정면돌파 인생매뉴얼 ,지은이: 김어준,푸른숲,2008,,9788971847985,3810,199.1,"3,560"
111,"지금 사랑하지 않는 자, 모두 유죄 :노희경 에세이 ",저자: 노희경,헤르메스미디어,2008,,9788995816769,3810,814.6,"3,545"
112,(민족 시인)신동엽,김응교 지음;한병호 그림,사계절출판사,2005,25,9788958281146,73810,998.8,"3,544"
113,서른 살엔 미처 몰랐던 것들 :죽어라 결심과 후회만 반복하는 그럼에도 한 발 한 발 내딛어 보려는 소심하고 서툰 청춘들에게 ,김선경 지음,웅진씽크빅,2010,,9788901114637,3810,199.1,"3,539"
113,"줄리어스, 어디 있니? ",글·그림: 존 버닝햄 ;옮김: 김정희,현북스,2013,,9788997175857,77840,843,"3,539"
115,파리 5구의 여인 :더글라스 케네디 장편소설 ,지은이: 더글라스 케네디 ;옮긴이: 조동섭,밝은세상,2012,,9788984371132,3840,843.5,"3,536"
116,사라진 소녀들 :안드레아스 빙켈만 장편소설 ,지은이: 안드레아스 빙켈만 ;옮긴이: 서유리,웅진씽크빅,2011,,9788901127507,3850,853,"3,535"
117,방황해도 괜찮아 :법륜 스님의 청춘 멘토링 ,법륜 지음 ;박승순 그림,지식채널,2012,,9788952764232,3810,199.5,"3,525"
118,(흔들리는 30대를 위한) 언니의 독설,김미경 지음,북이십일 21세기북스,2011,2,9788950931780,3320,325.04,"3,462"
119,우리는 사랑일까:알랭 드 보통 장편소설,알랭 드 보통 지음;공경희 옮김,은행나무,2005,,9788956601373,3840,843,"3,454"
120,세상을 잇는 다리,필레몬 스터지스 글;김연수 옮김,문학동네,2006,,9788954601184,77840,536,"3,442"
121,심학산 아이들,노경실 지음;임향한 그림,사계절출판사,2000,38,9788971966150,73810,813.6,"3,439"
122,4개의 통장 :평범한 사람이 목돈을 만드는 가장 빠른 시스템 ,고경호 지음,다산북스,2009,,9788993285550,3320,327.04,"3,438"
123,나는 까칠하게 살기로 했다 :상처받지 않고 사람을 움직이는 관계의 심리학 ,양창순 지음,센추리원,2012,,9788996746416,3320,189.2,"3,436"
124,(네가 어떤 삶을 살든) 나는 너를 응원할 것이다 :공지영 산문 ,공지영,오픈하우스,2008,,9788996047636,3800,814.6,"3,423"
125,현명한 부모는 아이의 마음을 먼저 읽는다,주정일;김중석 그림,샘터사,2006,13,9788946414112,4370,598.1,"3,422"
126,"멈추지 마, 다시 꿈부터 써봐 :73개의 꿈을 쓰고 세계에 도전하다 ",김수영 지음,웅진지식하우스,2010,,9788901107585,3810,818,"3,420"
127,스무살에 알았더라면 좋았을 것들 :스탠포드대 미래인생 보고서 ,티나 실리그 지음 ;이수경 옮김,웅진씽크빅,2010,,9788901108384,3320,181.53,"3,418"
128,천년의 금서 :김진명 장편소설 ,지은이: 김진명,새움출판사,2009,,9788988537015,3810,813.6,"3,410"
129,서른 살이 심리학에게 묻다 :대한민국 30대를 위한 심리치유카페 ,김혜남 지음,웅진씽크빅,2008,,9788901078588,3180,186.5,"3,405"
130,청춘 불패 :이외수의 소생법 ,지은이:이외수 ;그린이: 정태련,해냄출판사,2009,,9788973370603,3810,814.6,"3,400"
131,신참자 ,히가시노 게이고 지음 ;김난주 옮김,재인,2012,,9788990982469,3830,833.6,"3,390"
132,엄마가 아이를 아프게 한다 :아이를 행복하게 하는 좋은 엄마의 필독서 ,문은희 지음,위즈덤하우스,2011,,9788991731578,13590,598.1,"3,348"
133,음악가와 친구들=Musicians and their friends,이덕희 지음,가람기획,2002,,9788984351264,3600,670.99,"3,345"
134,내 심장을 쏴라 :정유정 장편소설 ,지은이: 정유정,은행나무,2009,,9788956602998,3810,813.6,"3,339"
135,고래 :천명관 장편소설 ,천명관 지음,문학동네,2004(2009쇄,,9788982819278,3810,813.7,"3,334"
136,화차:미야베 미유키 장편소설,미야베 미유키 [지음];박영난 옮김,시아출판사,2006,,9788981441968,3830,833.6,"3,326"
137,공중그네:오쿠다 히데오 장편소설,오쿠다 히데오 지음;이영미 옮김,은행나무,2005,,9788956601021,3830,833.6,"3,305"
138,책은 도끼다 :박웅현 인문학 강독회 ,지은이: 박웅현,북하우스 퍼블리셔스,2011,,9788956055466,3810,1.3,"3,298"
139,코드 그린 =뜨겁고 평평하고 붐비는 세계 /Code green ,토머스 프리드먼 [지음] ;이영민 옮김,북이십일 21세기북스,2008,,9788950916428,13320,539.98,"3,280"
140,못 가본 길이 더 아름답다 :박완서 산문집 ,지은이: 박완서,현대문학,2010,,9788972754671,3810,814.62,"3,278"
141,박스 :컨테이너 역사를 통해 본 세계경제학 ,마크 레빈슨 지음 ;김동미 옮김,북이십일 21세기북스,2008,,9788950914653,3320,326.36,"3,277"
142,아웃라이어 :성공의 기회를 발견한 사람들 ,말콤 글래드웰 [지음] ;노정태 옮김,김영사,2009,,9788934933151,3320,325.04,"3,276"
143,철학이 필요한 시간 :강신주의 인문학 카운슬링 ,강신주 지음,사계절출판사,2011,,9788958285342,3100,104,"3,269"
144,오늘 내가 살아갈 이유 ,위지안 지음 ;이현아 옮김,위즈덤하우스,2011,,9788959136612,3820,828,"3,268"
145,마당을 나온 암탉 ,황선미 지음 ;김환영 그림,사계절출판사,2007,40,9788971968710,73810,813.7,"3,251"
146,달려라 정봉주 ,정봉주 지음,왕의서재,2011,,9788993949469,3340,340.4,"3,241"
147,(과학사 속의)대논쟁 10:과학사에서 가장 격렬했던 열 가지 논쟁에 관한 이야기,핼 헬먼 지음;이충호 옮김,가람기획,2000,,9788984350328,3400,404,"3,236"
148,조선의 청백리,이영춘 외지음,가람기획,2003,,9788984351561,3910,991.1,"3,226"
149,폴란드사,정병권 저,대한교과서,1997,,9788937805035,93920,925.6,"3,214"
150,무라카미 하루키 잡문집 ,지은이: 무라카미 하루키 ;옮긴이: 이영미,비채,2011,,9788994343501,3830,838,"3,213"
151,빌 브라이슨 발칙한 유럽산책 :발칙한 글쟁이의 의외로 훈훈한 여행기 ,빌 브라이슨 지음 ;권상미 옮김,북이십일 21세기북스,2008,,9788950913618,3840,982.02,"3,204"
152,딴지돌이 영화 타고 우주로 가다:스타워즈에서 우주전쟁까지 유쾌발랄 영화 속 우주이야기,이재진 지음,이제이북스,2005,,9788956440736,3400,443,"3,200"
153,"하루 15분 정리의 힘 :삶을 다시 사랑하게 되는 공간, 시간, 인맥 정리법 =(The) power of organizing ",윤선현 지음,위즈덤하우스,2012,,9788960865273,3320,325.211,"3,193"
154,소란한 보통날 ,에쿠니 가오리 지음 ;김난주 옮김,태일소담,2011,,9788973816484,3830,833.6,"3,186"
155,(내가 듣고 싶은)과학교실,데이비드 엘리엇 브로디;이충호 옮김,가람기획,2001,,9788984350687,3400,400,"3,184"
156,(베르나르 베르베르의) 상상력 사전 :새롭게 증보된 상대적이며 절대적인 지식의 백과사전 ,베르나르 베르베르 지음 ;임호경 옮김,열린책들,2011,,9788932910864,3860,868,"3,175"
156,아기가 잘 먹는 이유식은 따로 있다 - 파워블로거 마더스고양이의 이유식 체험 실전서,김정미,레시피팩토리,2010,,9788996347200,13590,,"3,175"
158,조영래 - 인권변호사,박상률|한병호,사계절,2005,26,9788958280613,73810,,"3,149"
159,마법의 시간여행,메리 폽 어즈번 지음 ;노은정 옮김,비룡소,2002-2018,2,9788949150567,73840,843,"3,145"
160,성균관 유생들의 나날 :정은궐 장편소설,지은이: 정은궐,파란미디어,2009,1,9788963710051,4810,813.6,"3,120"
161,꿈이 있는 거북이는 지치지 않습니다 :김병만 달인정신 ,김병만 지음,실크로드,2011,,9788994893150,3040,41,"3,101"
162,"그건, 사랑이었네 :한비야 에세이 ",지은이: 한비야,푸른숲,2009,,9788971848173,3810,818,"3,098"
163,베이비 위스퍼 골드:행복한 엄마들의 아기 존중 육아법,"트레이시 호그,노혜숙 옮김",세종서적,2007,,9788984072367,3590,598.122,"3,091"
164,피카소=Pablo Picasso,지엔씨 미디어 [편],지엔씨 미디어,2006,,9788991127210,73600,653,"3,081"
165,강아지똥 ,글: 권정생 ;그림: 정승각,길벗어린이,2012,,9788986621136,77810,813.6,"3,069"
166,해리포터와 불사조 기사단,조앤 K. 롤링 저;최인자 옮김,문학수첩,2003,51,9788983921437,4840,843,"3,051"
167,3개의 초감각 =귀신같이 핵심을 꿰뚫어보는 능력 /Break the common sense ,미타니 코지 지음 ;이동희 옮김,다산북스,2009,,9788993285918,3320,325.04,"3,041"
168,돈으로 살 수 없는 것들 :무엇이 가치를 결정하는가 ,지은이: 마이클 샌델 ;옮긴이: 안기순,미래엔,2012,,9788937833663,3330,193,"3,028"
169,마법의 시간여행,메리 폽 어즈번 지음 ;노은정 옮김,비룡소,2002-2018,3,9788949150574,73840,843,"3,027"
170,내가 알고 있는 걸 당신도 알게 된다면 :전세계가 주목한 코넬대학교의 인류 유산 프로젝트 ,칼 필레머 지음 ;박여진 옮김,토네이도미디어그룹,2012,,9788994013503,3320,331.23,"3,024"
171,"(아침3분, 아름다워지는 습관)호흡다이어트",니시하라 가츠나리 지음;이근아 옮김,넥서스Books,2004,,9788957970416,13510,512.57,"3,016"
172,나는 세계일주로 경제를 배웠다 ,코너우드먼 지음 ;홍선영 옮김,웅진씽크빅,2011,,9788901110691,3840,320.04,"2,996"
172,공지영의 지리산 행복학교 ,지은이: 공지영,오픈하우스,2010,,9788993824469,3810,814.7,"2,996"
174,아기성장 보고서 =EBS 특별기획 다큐멘터리 /Baby growth report ,EBS〈아기성장보고서〉제작팀 지음,위즈덤하우스,2009,,9788959133642,3590,598.122,"2,983"
175,화차 :미야베 미유키 장편소설 ,지은이: 미야베 미유키 ;옮긴이: 이영미,문학동네,2012,,9788954617437,3830,833.6,"2,982"
176,카산드라의 거울 :베르나르 베르베르 장편소설,지은이: 베르나르 베르베르 ;옮긴이: 임호경,열린책들,2010,1,9788932910680,4860,863,"2,978"
177,(한눈에 보는) 만화 성경개관=신약편/(A)survey of the Bible,백금산 글;김종두 그림,부흥과개혁사,2007,,9788960920057,3230,233.5,"2,973"
178,원더보이 =김연수 장편소설 /Wonder boy ,지은이: 김연수,문학동네,2012,,9788954617482,3810,813.7,"2,962"
179,웃음과 느림이 답이다,정구영 지음,태웅출판사,2005,,9788972091608,3510,517.34,"2,961"
180,너는 모른다 :정이현 장편소설 ,지은이: 정이현,문학동네,2009,,9788954609647,3810,813.7,"2,956"
181,까사마미식 수납법 :no.001~no.157 ,지은이: 심현주,동아일보사,2011,,9788970908441,13590,595.4,"2,953"
182,틀려도 괜찮아,마키타 신지 글;유문조 옮김,토토북,2006,,9788990611260,77830,833.6,"2,952"
183,마법의 시간여행,메리 폽 어즈번 지음 ;노은정 옮김,비룡소,2002-2018,5,9788949150598,73840,843,"2,947"
184,"작은 아파트 인테리어 =15평부터 33평까지, 획일적인 공간을 유니크하게! /Unique apartment ",지은이: 김은진,그리고책,2011,,9788991995963,13590,595.4,"2,937"
184,심리의 마스터=To read people,천칭위 지음;김하나 옮김,부글북스,2006,,9788995747339,3180,182.2,"2,937"
186,세상에서 제일 힘센 수탉 ,글쓴이: 이호백 ;그린이: 이억배,재미마주,1997,,9788986565041,77810,813.6,"2,926"
186,명탐정의 규칙 ,지은이: 히가시노 게이고 ;옮긴이: 이혁재,재인,2010,,9788990982377,3830,833.6,"2,926"
188,마구 ,히가시노 게이고 지음 ;이혁재 옮김,재인,2011,,9788990982452,3830,833.6,"2,922"
189,아주 가벼운 깃털 하나 :공지영 에세이 ,공지영,한겨레출판,2009,,9788984313170,3810,814.6,"2,916"
190,우리집 키친 인테리어:아름다운 집을 위한 특별한 아이디어 100가지,지은이: 슈 로즈;옮긴이: 한유미,아카데미북,2007,,9788956810737,13590,595.4,"2,914"
191,신 :베르나르 베르베르 장편소설,베르나르 베르베르 [지음] ;이세욱 옮김,열린책들,2008-2009,2,9788932908564,4860,863,"2,909"
192,시골의사의 부자경제학:경제 원리에 숨겨진 부자들의 투자 비밀,박경철 지음,웅진씽크빅,2006,,9788901058030,3320,327.8,"2,907"
193,소년을 위로해줘 :은희경 장편소설 ,지은이: 은희경,문학동네,2010,,9788954613507,3810,813.7,"2,895"
194,가이아:살아있는 생명체로서의 지구,제임스 러브록 지음;홍욱희 옮김,갈라파고스,2004,,9788990809032,3400,472.5,"2,877"
195,바람이 분다 당신이 좋다 :이병률 여행산문집 ,지은이: 이병률,달출판사,2012,,9788993928488,3810,818,"2,870"
196,연금술사,파울로 코엘료 지음;최정수 옮김,문학동네,2001,,9788982814471,3860,879,"2,865"
197,해리포터와 불사조 기사단,조앤 K. 롤링 저;최인자 옮김,문학수첩,2003,54,9788983921468,4840,843,"2,863"
198,왓칭 =신이 부리는 요술 /Watching ,김상운 지음,정신세계사,2011,,9788935703463,3320,181.37,"2,856"
199,불합격을 피하는 법 :고시 및 공무원시험을 안전하게 붙는 방법 ,최규호 지음,법률저널,2009,,9788991850446,93360,350.4,"2,854"
200,성균관 유생들의 나날 :정은궐 장편소설,지은이: 정은궐,파란미디어,2009,2,9788963710068,4810,813.6,"2,848"
